id,name,street,city,state,zip,contact,enabled,addedOn
1,Berge-Strosin,51 Golf View Trail,Spring,TX,77386,Debera Kuller,false,8/23/2020
2,"Haley, Hills and Hegmann",0 Lindbergh Trail,Lakeland,FL,33805,Raychel Stucksbury,false,1/31/2021
3,Hilpert-Kassulke,159 Macpherson Point,Fort Worth,TX,76115,Siffre Hinstock,true,3/11/2020
4,"Smitham, Dickens and Zulauf",8641 Namekagon Lane,Dallas,TX,75397,Findley Tolomei,false,2/24/2020
5,Deckow-West,86 Lighthouse Bay Junction,Philadelphia,PA,19141,Harcourt Dean,false,11/17/2020
6,Stanton LLC,31 Fair Oaks Court,Mobile,AL,36641,Connie Eliasen,false,2/15/2021
7,"Hahn, Shanahan and Doyle",8334 Kenwood Plaza,Baltimore,MD,21229,Adolph Sissot,true,10/6/2020
8,Bauch Inc,01 Carpenter Crossing,Albany,NY,12232,Rachele Dunmore,false,8/4/2020
9,Ebert-Predovic,79938 Merchant Road,Washington,DC,20029,Burg Haggard,true,7/3/2020
10,Bednar-O'Connell,8 Doe Crossing Pass,Spokane,WA,99205,Yolanthe Brockley,false,1/26/2021
11,"Carroll, Mertz and Jaskolski",490 7th Hill,Washington,DC,20420,Kahaleel Krimmer,true,10/11/2020
12,Rodriguez-Mosciski,6005 Hagan Hill,Pomona,CA,91797,Marietta Whyard,true,7/20/2020
13,"Kulas, Emmerich and Bernhard",2912 Bobwhite Road,Idaho Falls,ID,83405,Rocky Salomon,true,2/22/2020
14,Lind-Mosciski,5 Judy Place,Charlotte,NC,28278,Rorie Marconi,false,1/11/2021
15,"Kilback, Schaefer and Mitchell",7030 Derek Street,Atlanta,GA,31165,Pascal Harmeston,false,9/24/2020
16,"Denesik, Miller and Bogisich",76927 Acker Alley,Monticello,MN,55590,Paxton Ducroe,false,1/6/2021
17,Walker-Murray,8826 Forest Run Street,Silver Spring,MD,20918,Maighdiln St Pierre,true,11/1/2020
18,Price-Harvey,9666 Golf Course Alley,Greeley,CO,80638,Randa Davidge,true,7/21/2020
19,Orn-Kreiger,697 Killdeer Alley,Richmond,CA,94807,Filippo Lambarton,true,8/31/2020
20,Zulauf-Zulauf,61429 Fairview Park,Los Angeles,CA,90071,Celestia Whitticks,true,4/29/2020
21,Abshire LLC,69511 Wayridge Avenue,Chicago,IL,60669,Gloriana Reany,false,3/7/2020
22,McKenzie-Batz,26 Thackeray Crossing,Houston,TX,77223,Brandon Desmond,true,6/11/2020
23,Schamberger-Beier,0849 Crest Line Alley,Young America,MN,55551,Halli Hrinchishin,true,3/11/2020
24,"McClure, Schoen and Champlin",480 Everett Court,Fresno,CA,93750,Chucho McElroy,false,1/29/2021
25,Gaylord Inc,556 Steensland Avenue,Atlanta,GA,31196,Addie Peyzer,false,6/20/2020
26,Hartmann-Johns,19 Swallow Lane,San Francisco,CA,94137,Brion Myrtle,false,12/17/2020
27,Bins Group,73508 Hansons Road,Jersey City,NJ,07310,Nissa Fahrenbacher,true,9/23/2020
28,Pacocha LLC,2 Randy Way,South Lake Tahoe,CA,96154,Laird Rudland,false,5/26/2020
29,"Wunsch, Wintheiser and Goyette",3697 Maryland Parkway,Oklahoma City,OK,73147,Emmie Croyden,true,9/19/2020
30,"Hudson, Prosacco and Padberg",28745 Fuller Plaza,Tulsa,OK,74193,Mathilde Winslade,false,8/30/2020
31,Von LLC,2 Montana Avenue,Henderson,NV,89012,Torie Walczak,true,10/6/2020
32,"Trantow, Rice and Zieme",597 Cambridge Park,Denver,CO,80279,Correy De Micoli,true,3/1/2020
33,"Mills, Legros and Hettinger",694 Hansons Circle,Indianapolis,IN,46216,Lorrie Battye,true,1/7/2021
34,Waters LLC,7585 Iowa Point,Davenport,IA,52804,Wilfrid Iiannone,false,4/10/2020
35,"Bode, Stokes and Harris",7 Del Mar Road,Reading,PA,19610,Harp Scragg,true,1/19/2021
36,"Kuhic, Kunde and Daniel",31 Old Gate Plaza,San Antonio,TX,78225,Jarrett Delgado,true,5/15/2020
37,Brown-Blanda,70 Old Gate Road,Miami,FL,33185,Melba Dikle,false,3/9/2020
38,"Collins, Stokes and Cremin",289 Maywood Street,Cincinnati,OH,45999,Karissa Tharme,true,12/6/2020
39,Hudson LLC,32 Mcbride Court,Sarasota,FL,34276,Honey Goatman,true,4/11/2020
40,"Larkin, Frami and Roob",2232 Barnett Circle,Knoxville,TN,37924,Lucho Ream,false,5/25/2020
41,Corkery and Sons,7 Main Street,El Paso,TX,88530,Barron Luparto,true,9/17/2020
42,Nienow Group,71 Sachs Park,Mc Keesport,PA,15134,Scottie Oneal,false,1/17/2021
43,Upton-Hane,7219 Atwood Alley,Houston,TX,77212,Annelise Swenson,false,11/12/2020
44,Gaylord Group,83 Hazelcrest Court,Shreveport,LA,71105,Andie Rooson,false,12/17/2020
45,Mueller-Cummings,7835 Lien Crossing,Fullerton,CA,92835,Andres Llywarch,true,6/22/2020
46,Bode-Gerhold,35953 Summer Ridge Junction,Providence,RI,02912,Colene Ecclestone,true,6/30/2020
47,DuBuque-Blick,2 Eagan Parkway,Pasadena,CA,91117,Omero Ribeiro,true,8/29/2020
48,"Christiansen, Zemlak and Cummerata",2203 Kedzie Court,Tacoma,WA,98464,Kym Ausello,false,9/27/2020
49,Graham-Oberbrunner,402 Nobel Park,Philadelphia,PA,19120,Jsandye Whitear,true,12/14/2020
50,Hoeger and Sons,9573 American Drive,San Francisco,CA,94142,Tabina Craighill,false,9/13/2020
51,Blick Inc,11 Granby Terrace,Tacoma,WA,98481,Jeniffer Morfield,false,12/26/2020
52,Mayert-Beatty,55799 Homewood Hill,Frederick,MD,21705,Annecorinne Opfer,true,11/30/2020
53,Bergstrom-Harvey,35436 Lien Point,Lynchburg,VA,24515,Thia Birdsey,true,8/23/2020
54,"Bartell, Conn and Russel",313 5th Parkway,Carlsbad,CA,92013,Claudianus Wiburn,false,12/20/2020
55,Brekke and Sons,1 Holy Cross Road,Houston,TX,77234,Winny MacGeaney,true,6/26/2020
56,Halvorson LLC,3 Linden Court,Pensacola,FL,32575,Bartholomeo Lilleman,false,5/12/2020
57,"Mann, Ruecker and Lesch",2126 Corben Park,Washington,DC,20046,Marquita Bishopp,false,5/31/2020
58,"Howell, Simonis and Ernser",03173 Westend Pass,Inglewood,CA,90305,Devin Nisbet,false,9/22/2020
59,"Crist, Dickens and Donnelly",80 Hooker Street,Kansas City,MO,64199,Bellina Nares,true,7/10/2020
60,Feest and Sons,30649 Mosinee Center,Portland,OR,97229,Elvin Blackborow,false,2/6/2021
61,Lebsack and Sons,34 Clemons Avenue,Salt Lake City,UT,84199,Chery Sampey,true,9/20/2020
62,Sanford Group,0861 New Castle Terrace,Waco,TX,76711,Lon Peppin,true,4/10/2020
63,Hammes-Metz,95643 Sage Park,Pittsburgh,PA,15266,Annora Rosendall,true,6/12/2020
64,Eichmann-Bogisich,094 Hoard Way,Sioux Falls,SD,57188,Elianore Puttan,true,6/11/2020
65,"Maggio, Labadie and Cronin",59746 Little Fleur Alley,Chattanooga,TN,37405,Rebeca Gabbatiss,false,11/1/2020
66,Nader Inc,45 Mitchell Court,Washington,DC,20299,Bili Grzeskowski,true,3/8/2020
67,"Langosh, Mante and Boyle",03811 Green Ridge Point,San Diego,CA,92170,Milton Corson,false,3/18/2020
68,Harvey and Sons,8 Amoth Lane,Worcester,MA,01605,Jaclin Jiruch,true,8/14/2020
69,Harris LLC,746 Rutledge Terrace,Tucson,AZ,85710,Piggy Sliman,false,10/19/2020
70,Kirlin LLC,6728 Oak Road,Dayton,OH,45414,Irving McGeoch,true,12/13/2020
71,"Mohr, Corwin and Huel",838 Lunder Place,Columbus,OH,43226,Nettie Aymerich,true,8/19/2020
72,Dickens LLC,790 Hallows Junction,Syracuse,NY,13224,Hastings Monsey,true,5/22/2020
73,Kulas Inc,1558 Mendota Alley,Fort Lauderdale,FL,33345,Geordie Caunter,false,12/20/2020
74,"Reinger, Kuhic and Spinka",5946 Ilene Point,New York City,NY,10249,Marjory Rous,false,4/16/2020
75,Jast-Dare,00529 Jay Circle,Columbia,SC,29240,Aguie Nolder,false,1/11/2021
76,"Fritsch, Hane and Haley",00 Merry Avenue,Flint,MI,48550,Fernanda Heatley,true,9/16/2020
77,Cassin LLC,29 Nova Circle,Orange,CA,92862,Penny Pestell,true,1/13/2021
78,McDermott-Shanahan,78991 Myrtle Circle,Saint Augustine,FL,32092,Birgit Cunniff,true,6/1/2020
79,Roberts Group,329 Bunker Hill Avenue,Lubbock,TX,79415,Opal Jacquemy,false,11/20/2020
80,"Tremblay, Schamberger and Simonis",06 Hooker Alley,Chicago,IL,60646,Wheeler Christmas,false,2/28/2020
81,Skiles-Gerhold,0817 Tomscot Avenue,Raleigh,NC,27621,Mel Pagnin,false,4/13/2020
82,"Toy, Wiza and Morar",1765 Namekagon Street,Memphis,TN,38143,Hubert Nellis,false,6/27/2020
83,"Gerlach, Hayes and Greenholt",1528 David Alley,Seattle,WA,98109,Sandy Shalders,true,4/14/2020
84,Fay LLC,92 West Parkway,Santa Fe,NM,87505,Livy Caddens,true,9/19/2020
85,"Cole, Stokes and Bartell",4 Oxford Way,Philadelphia,PA,19196,Halie Amori,true,9/4/2020
86,Hudson and Sons,516 Forest Terrace,Rochester,NY,14609,Celie Grigolon,true,7/2/2020
87,Kertzmann and Sons,1 Declaration Parkway,Oakland,CA,94660,Diahann Britcher,false,5/26/2020
88,King-Buckridge,675 John Wall Park,Montgomery,AL,36125,Catie Zanicchelli,false,8/9/2020
89,Gaylord-Huel,31751 Mockingbird Alley,Boise,ID,83732,Franklin Cord,true,4/16/2020
90,Batz Inc,0407 Everett Place,Indianapolis,IN,46247,Natassia Brundell,true,4/7/2020
91,Ortiz-Dare,57 Twin Pines Place,Fresno,CA,93786,Myrlene Pocklington,false,12/23/2020
92,"Hand, Carter and Leannon",6 Division Center,Omaha,NE,68134,Tillie Cowndley,false,3/28/2020
93,Jenkins LLC,12022 Milwaukee Point,Charleston,WV,25356,Aidan Pavlata,true,5/27/2020
94,Kerluke-Schmitt,46994 Pennsylvania Street,Huntington Beach,CA,92648,Rana Duffree,false,8/2/2020
95,"Quitzon, Schmitt and Funk",8 Gerald Park,Lehigh Acres,FL,33972,Rafaelita Loud,false,4/15/2020
96,Johnston-Krajcik,02 Bartelt Road,Virginia Beach,VA,23454,Celestyn Purton,false,7/1/2020
97,Smith-Mraz,62755 International Alley,Montgomery,AL,36119,Benedikt Babinski,false,2/20/2021
98,"Baumbach, Trantow and Corkery",408 Burning Wood Alley,Salt Lake City,UT,84199,Krystle Dunster,true,3/13/2020
99,"Lesch, Mills and Ritchie",21903 Green Crossing,Boston,MA,02203,Trent Tanti,true,9/9/2020
100,Effertz-Little,567 Carey Center,Green Bay,WI,54305,Jacklyn Bunting,true,1/15/2021
